shopName,name,imageSrc
kub-kao-kub-pla,‡∏Ç‡πâ‡∏≤‡∏ß‡πÑ‡∏Ç‡πà‡∏Ç‡πâ‡∏ô‡∏´‡∏°‡∏π‡∏Å‡∏£‡∏≠‡∏ö‡∏Ñ‡∏±‡πà‡∏ß‡∏û‡∏£‡∏¥‡∏Å‡πÄ‡∏Å‡∏•‡∏∑‡∏≠,https://d1sag4ddilekf6.cloudfront.net/compressed_webp/items/THITE20201118015219131661/detail/b7b97fc1a0cc4b399df23f0df03e86fd_1634840673888131315.webp
kub-kao-kub-pla,‡∏Ç‡πâ‡∏≤‡∏ß‡πÑ‡∏Ç‡πà‡∏Ç‡πâ‡∏ô‡πÄ‡∏ô‡∏∑‡πâ‡∏≠‡∏Å‡∏£‡∏∞‡πÄ‡∏ó‡∏µ‡∏¢‡∏°‡∏û‡∏£‡∏¥‡∏Å‡πÑ‡∏ó‡∏¢,https://d1sag4ddilekf6.cloudfront.net/compressed_webp/items/THITE20201001020422334386/detail/3bde09ed992c4a32816ce1ea6ada0638_1634840729425821356.webp
kub-kao-kub-pla,‡∏Ç‡πâ‡∏≤‡∏ß‡∏ú‡∏±‡∏î‡∏Ñ‡∏±‡πà‡∏ß‡∏Å‡∏•‡∏¥‡πâ‡∏á‡∏Å‡∏£‡∏∞‡∏î‡∏π‡∏Å‡∏´‡∏°‡∏π,https://d1sag4ddilekf6.cloudfront.net/compressed_webp/items/THITE20211021181927485220/detail/04e028c9ca154363b46eca00cd8abc0f_1634840362365616878.webp
kub-kao-kub-pla,‡∏Ç‡πâ‡∏≤‡∏ß‡∏ú‡∏±‡∏î‡∏ï‡πâ‡∏°‡∏¢‡∏≥‡πÅ‡∏´‡πâ‡∏á‡∏´‡∏°‡∏π‡∏´‡∏ß‡∏≤‡∏ô,https://d1sag4ddilekf6.cloudfront.net/compressed_webp/items/THITE20211021181912088301/detail/2042fe80931e47f29d50b25750e79f7b_1634840345944103495.webp
kub-kao-kub-pla,‡∏Ç‡πâ‡∏≤‡∏ß‡∏´‡∏ô‡πâ‡∏≤‡∏Å‡∏∏‡πâ‡∏á‡∏û‡∏£‡∏¥‡∏Å‡∏Ç‡∏µ‡πâ‡∏´‡∏ô‡∏π,https://d1sag4ddilekf6.cloudfront.net/compressed_webp/items/THITE20211021181816322792/detail/d766be9ec98948f6b58e087580fc2bef_1634840290367946681.webp
kub-kao-kub-pla,‡∏Ç‡πâ‡∏≤‡∏ß‡πÑ‡∏Ç‡πà‡∏Ç‡πâ‡∏ô‡∏õ‡∏•‡∏≤‡∏´‡∏°‡∏∂‡∏Å‡∏ú‡∏±‡∏î‡∏û‡∏£‡∏¥‡∏Å‡πÄ‡∏ú‡∏≤,https://d1sag4ddilekf6.cloudfront.net/compressed_webp/items/THITE20201001020426015889/detail/3d4a9bc6afe54772a34005ba9424285a_1634840756721815434.webp
kub-kao-kub-pla,‡∏Ç‡πâ‡∏≤‡∏ß‡∏ú‡∏±‡∏î‡πÄ‡∏´‡πá‡∏î‡∏´‡∏≠‡∏°‡∏™‡∏î,https://d1sag4ddilekf6.cloudfront.net/compressed_webp/items/THITE20211021184056209298/detail/96e2affd92f54e008b516e36fe81ea85_1634841647978533788.webp
kub-kao-kub-pla,‡∏ú‡∏±‡∏î‡πÑ‡∏ó‡∏¢‡∏°‡∏±‡∏á,https://d1sag4ddilekf6.cloudfront.net/compressed_webp/items/THITE20211021183922233115/detail/fa255249b4b04ef5b5ea004210bf28a6_1634841555151230726.webp
kub-kao-kub-pla,‡∏Å‡∏∞‡πÄ‡∏û‡∏£‡∏≤‡∏°‡∏±‡∏á,https://d1sag4ddilekf6.cloudfront.net/compressed_webp/items/THITE20211021183949417005/detail/db88c09a908046bdbcad6680f27685c5_1634841586880259568.webp
kub-kao-kub-pla,‡∏£‡∏≤‡∏î‡∏´‡∏ô‡πâ‡∏≤‡πÄ‡∏ú‡∏∑‡∏≠‡∏Å‡∏ó‡∏≠‡∏î,https://d1sag4ddilekf6.cloudfront.net/compressed_webp/items/THITE20220925161110466587/detail/fc06411014f34c5f846a453963f0c76f_1664122270515647955.webp
kub-kao-kub-pla,‡∏£‡∏≤‡∏î‡∏´‡∏ô‡πâ‡∏≤‡πÄ‡∏ú‡∏∑‡∏≠‡∏Å‡∏ó‡∏≠‡∏î,https://d1sag4ddilekf6.cloudfront.net/compressed_webp/items/THITE20211021180805597698/detail/8d7508c9a5934a44a420f4cc8eca96e7_1634839678364442313.webp
kub-kao-kub-pla,‡∏£‡∏≤‡∏î‡∏´‡∏ô‡πâ‡∏≤‡πÄ‡∏ú‡∏∑‡∏≠‡∏Å‡∏ó‡∏≠‡∏î,https://d1sag4ddilekf6.cloudfront.net/compressed_webp/items/THITE20201001020423277943/detail/06fd14e5d6c84e6e989951dcbf0e7b64_1634841500336490766.webp
sanyod,‡πÄ‡∏™‡πâ‡∏ô‡∏´‡∏°‡∏µ‡πà‡∏ú‡∏±‡∏î‡∏Å‡∏£‡∏∞‡πÄ‡∏â‡∏î‡∏Å‡∏∏‡πâ‡∏á,https://d1sag4ddilekf6.cloudfront.net/compressed_webp/items/THITE2020052104174050990/detail/menueditor_item_ceaa44c8f6a5464ab666b864a1e2a936_1590034654707331459.webp
sanyod,‡∏Ç‡πâ‡∏≤‡∏ß‡∏ú‡∏±‡∏î‡∏´‡∏¢‡∏≤‡∏á‡πÇ‡∏à‡∏ß,https://d1sag4ddilekf6.cloudfront.net/compressed_webp/items/THITE2021080518490941025/detail/menueditor_item_f9a11289a5d44368bbd9bfa93c40ffa8_1628189319227897677.webp
sanyod,‡∏Ç‡πâ‡∏≤‡∏ß‡∏ú‡∏±‡∏î‡∏´‡∏¢‡∏≤‡∏á‡πÇ‡∏à‡∏ß,https://d1sag4ddilekf6.cloudfront.net/compressed_webp/items/3-CZDHJU3AAKUFWA-CZDHJU3ENZBUT2/detail/c0ca3faf9b0b4340beb833f7f58de90f_1586744724700989799.webp
s-and-p,‡∏Ç‡πâ‡∏≤‡∏ß‡∏ï‡πâ‡∏°‡∏Å‡∏∏‡πâ‡∏á,https://d1sag4ddilekf6.cloudfront.net/compressed_webp/items/THITE20210531153646381388/detail/b6a2038fa39d47e2959cbf838186a315_1652167732687319821.webp
sanyod,‡∏Ç‡πâ‡∏≤‡∏ß‡∏ï‡πâ‡∏°‡∏Å‡∏∏‡πâ‡∏á,https://d1sag4ddilekf6.cloudfront.net/compressed_webp/items/3-CZDHJU3AAKUFWA-CZDHJU3EE7JKPE/detail/menueditor_item_effa2c00a001491c9cbf62d9bfc6f8fd_1590040968553399744.webp
sanyod,‡∏´‡∏°‡∏µ‡πà‡∏Æ‡∏Å‡πÄ‡∏Å‡∏µ‡πâ‡∏¢‡∏ô,https://d1sag4ddilekf6.cloudfront.net/compressed_webp/items/THITE2020052107101646918/detail/menueditor_item_7222b5f430954618a67864e0aa5013c1_1590045013923471051.webp
sanyod,‡∏´‡∏°‡∏µ‡πà‡∏Æ‡∏Å‡πÄ‡∏Å‡∏µ‡πâ‡∏¢‡∏ô,https://d1sag4ddilekf6.cloudfront.net/compressed_webp/items/3-CZDHJU3AAKUFWA-CZDHJU3FCJW1PA/detail/900bcbff5fbb43d393e4407f531b0621_1586744725181582115.webp
sanyod,‡∏´‡∏°‡∏µ‡πà‡∏Æ‡∏Å‡πÄ‡∏Å‡∏µ‡πâ‡∏¢‡∏ô‡∏ú‡∏±‡∏î‡∏ã‡∏≠‡∏™‡πÄ‡∏õ‡πá‡∏î‡∏¢‡πà‡∏≤‡∏á,https://d1sag4ddilekf6.cloudfront.net/compressed_webp/items/3-CZDHJU3AAKUFWA-CZDHJU3FCJW1PA/detail/900bcbff5fbb43d393e4407f531b0621_1586744725181582115.webp
sanyod,‡πÇ‡∏Å‡∏¢‡∏ã‡∏µ‡∏´‡∏°‡∏µ‡πà‡∏ú‡∏±‡∏î‡πÅ‡∏´‡πâ‡∏á‡∏õ‡∏π,https://d1sag4ddilekf6.cloudfront.net/compressed_webp/items/3-CZDHJU3AAKUFWA-CZDHJU3GAADBLJ/detail/694007d760b84d37a78bcc6c67347f1c_1586744726036371660.webp
shari-shari,Tempura Mango & Mentaiko,https://d1sag4ddilekf6.cloudfront.net/compressed_webp/items/AWjH5GNVkk5cOZVWvQIn/detail/14_af3020b4a97c4e2ba54a9feda60f34d5_1549541860232642930.webp
shari-shari,Tempura Mango & Mentaiko,https://d1sag4ddilekf6.cloudfront.net/compressed_webp/items/THGFIST000000ce1542576871796412626/detail/menueditor_item_025bca9159234d2fa77761edcb3fc2a0_1676895469248922522.webp
shari-shari,Tempura Mango & Mentaiko,https://d1sag4ddilekf6.cloudfront.net/compressed_webp/items/THGFIST000000ce1542576871906030474/detail/menueditor_item_1f9b25e9237b488580ab5e29b2e58600_1676895490571893861.webp
shari-shari,Bulgogi Buddy ,https://d1sag4ddilekf6.cloudfront.net/compressed_webp/items/AWjH5F43R-bAtZoKZlQc/detail/7_8ea1e0a40f41456ea3309aad00464688_1549541858904068402.webp
shari-shari,Bulgogi Buddy ,https://d1sag4ddilekf6.cloudfront.net/compressed_webp/items/THGFIST000000ce1542576872248248859/detail/menueditor_item_e0134d84ee2f413cb48a805d4f008586_1676895557083858137.webp
shari-shari,Bulgogi Buddy ,https://d1sag4ddilekf6.cloudfront.net/compressed_webp/items/THGFIST000000ce1542576872362604290/detail/menueditor_item_072a7a3546a24df4b4086d170051136e_1676895574303466246.webp
shari-shari,Tuna Cream Cheese ,https://d1sag4ddilekf6.cloudfront.net/compressed_webp/items/THITE2022070606264474860/detail/menueditor_item_d3e9940bf0d7443ca4af43a4cbe4c23c_1657088770613045314.webp
shari-shari,Tuna Cream Cheese ,https://d1sag4ddilekf6.cloudfront.net/compressed_webp/items/THITE2022070606254999194/detail/menueditor_item_f1a76c36b49f4a6497d000a03c3091cf_1657088696249266691.webp
ohkajhu,Poke Bowl,https://d1sag4ddilekf6.cloudfront.net/compressed_webp/items/THITE20210331090947212404/detail/00155d0fe1f14f89b1e1df3db4bca4ce_1654500958314440095.webp
ohkajhu,Poke Bowl,https://d1sag4ddilekf6.cloudfront.net/compressed_webp/items/THITE20210331090947333894/detail/f1db4b6574254f94820aa1636529a22b_1654500976246809514.webp
ohkajhu,Poke Bowl,https://d1sag4ddilekf6.cloudfront.net/compressed_webp/items/THITE20210331090947170562/detail/61956b00409e4c759e2934a3ca9c736b_1654500990195521193.webp
ohkajhu,Poke Bowl,https://d1sag4ddilekf6.cloudfront.net/compressed_webp/items/THITE20210331090947354631/detail/e97d00cda11b45ce9d80c1b735262e79_1654501001415498338.webp
shari-shari,Poke Bowl,https://d1sag4ddilekf6.cloudfront.net/compressed_webp/items/THITE20200212085215023763/detail/menueditor_item_75db89184cd24fd0bd462ccf6f519da2_1676435842708632191.webp
shari-shari,Poke Bowl,https://d1sag4ddilekf6.cloudfront.net/compressed_webp/items/THITE20200211113538015129/detail/menueditor_item_3db5bc728a494bceb70bc25b2c6f7854_1676895216961776447.webp
shari-shari,Salsa Tofu Salad,https://d1sag4ddilekf6.cloudfront.net/compressed_webp/items/THGFIST000000ce1542576876655880131/detail/1542873516141618633_0_11ee00b3a8444bc1bca8c893efe5a159.webp
sook-sathon-vegan,‡∏Ç‡πâ‡∏≤‡∏ß‡∏Å‡∏•‡πâ‡∏≠‡∏á‡∏Å‡∏∞‡πÄ‡∏û‡∏£‡∏≤‡∏Ñ‡∏±‡πà‡∏ß‡∏û‡∏£‡∏¥‡∏Å‡πÅ‡∏´‡πâ‡∏á‡πÄ‡∏à,https://d1sag4ddilekf6.cloudfront.net/compressed_webp/items/THITE20221101115625213035/detail/menueditor_item_1aa1899085ec44f6a590dee6b52472e3_1690321332762759841.webp
RongsiPochana,‡∏£‡∏≤‡∏î‡∏´‡∏ô‡πâ‡∏≤‡∏Ñ‡∏∞‡∏ô‡πâ‡∏≤‡∏Æ‡πà‡∏≠‡∏á‡∏Å‡∏á,https://d1sag4ddilekf6.cloudfront.net/compressed_webp/items/THITE20211214170849015875/detail/2212504c32fe4987a46a5a0b378310eb_1639501725082772120.webp
sanyod,‡∏£‡∏≤‡∏î‡∏´‡∏ô‡πâ‡∏≤‡∏Ñ‡∏∞‡∏ô‡πâ‡∏≤‡∏Æ‡πà‡∏≠‡∏á‡∏Å‡∏á,https://d1sag4ddilekf6.cloudfront.net/compressed_webp/items/THITE2020080106501529781/detail/menueditor_item_2cfb203fd7f1445f9994cf109fea6faa_1596264584494110314.webp
sanyod,‡∏£‡∏≤‡∏î‡∏´‡∏ô‡πâ‡∏≤‡∏Ñ‡∏∞‡∏ô‡πâ‡∏≤‡∏Æ‡πà‡∏≠‡∏á‡∏Å‡∏á,https://d1sag4ddilekf6.cloudfront.net/compressed_webp/items/THITE2020080106525449146/detail/menueditor_item_b65bcad3fe7a490595d62fb9896ececc_1596264763214383775.webp
sanyod,‡∏£‡∏≤‡∏î‡∏´‡∏ô‡πâ‡∏≤‡∏Ñ‡∏∞‡∏ô‡πâ‡∏≤‡∏Æ‡πà‡∏≠‡∏á‡∏Å‡∏á,https://d1sag4ddilekf6.cloudfront.net/compressed_webp/items/THITE2020061110142821812/detail/menueditor_item_047f6ceaf1594a7690bc02aaa3c0b844_1591870431483846227.webp
sanyod,‡∏£‡∏≤‡∏î‡∏´‡∏ô‡πâ‡∏≤‡∏Ñ‡∏∞‡∏ô‡πâ‡∏≤‡∏Æ‡πà‡∏≠‡∏á‡∏Å‡∏á,https://d1sag4ddilekf6.cloudfront.net/compressed_webp/items/3-CZDHJU3AAKUFWA-CZDHJU3EJJ3UVJ/detail/5f2672f4eb5c46d0a380638085bdc842_1586744724462288371.webp
sook-sathon-vegan,‡∏£‡∏≤‡∏î‡∏´‡∏ô‡πâ‡∏≤‡∏Ñ‡∏∞‡∏ô‡πâ‡∏≤‡∏Æ‡πà‡∏≠‡∏á‡∏Å‡∏á,https://d1sag4ddilekf6.cloudfront.net/compressed_webp/items/THITE20191221105952015019/detail/762b1bbc0fc54b3b86577db7ee1f8ceb_1576926418882550214.webp
sook-sathon-vegan,‡∏Å‡πã‡∏ß‡∏¢‡∏à‡∏±‡πä‡∏ö‡∏™‡∏∏‡∏Ç,https://d1sag4ddilekf6.cloudfront.net/compressed_webp/items/THITE2023031110171722919/detail/menueditor_item_1d7787dd5bea4d7fb8dd38beac3275b9_1678564876470862571.webp
sook-sathon-vegan,‡∏Å‡πã‡∏ß‡∏¢‡∏à‡∏±‡πä‡∏ö‡∏™‡∏∏‡∏Ç,https://d1sag4ddilekf6.cloudfront.net/compressed_webp/items/THITE2023060421102120872/detail/menueditor_item_93b00e8aed3f4fb19effcb584ec3f768_1685912999544160648.webp
sook-sathon-vegan,‡∏Å‡πã‡∏ß‡∏¢‡∏à‡∏±‡πä‡∏ö‡∏™‡∏∏‡∏Ç,https://d1sag4ddilekf6.cloudfront.net/compressed_webp/items/THITE2023030101110706001/detail/menueditor_item_d8970e246dc74492b26b9a3b1df9f65b_1677687903189599454.webp
sook-sathon-vegan,‡∏Å‡πã‡∏ß‡∏¢‡∏à‡∏±‡πä‡∏ö‡∏™‡∏∏‡∏Ç,https://d1sag4ddilekf6.cloudfront.net/compressed_webp/items/THITE2023030101075958688/detail/menueditor_item_3dbde198d073469d8d0e3a458449c81a_1677687934996138115.webp
sook-sathon-vegan,‡∏Å‡πã‡∏ß‡∏¢‡∏à‡∏±‡πä‡∏ö‡∏™‡∏∏‡∏Ç,https://d1sag4ddilekf6.cloudfront.net/compressed_webp/items/THITE20221101115626096933/detail/menueditor_item_ef37c2f0a9d94ae9b15b8d04b65d951c_1690317798586253367.webp
wraptor,Quesadilla smoky beef,https://d1sag4ddilekf6.cloudfront.net/compressed_webp/items/THITE20221003070350204625/detail/menueditor_item_62cce7d322984ba280b476c41ab10c1b_1665134493735981981.webp
yayoi,‡πÄ‡∏ã‡∏ï‡∏™‡πÄ‡∏ï‡πá‡∏Å‡∏´‡∏°‡∏π‡∏Å‡∏£‡∏∞‡∏ó‡∏∞‡∏£‡πâ‡∏≠‡∏ô,https://d1sag4ddilekf6.cloudfront.net/compressed_webp/items/THITE20220118162505018727/detail/d7d429a584484d83b64fc9f33545b1b7_1660553887245110117.webp
yayoi,‡πÄ‡∏ã‡∏ï‡∏õ‡∏•‡∏≤‡∏ã‡∏≤‡∏ö‡∏∞‡∏¢‡πà‡∏≤‡∏á‡πÄ‡∏Å‡∏•‡∏∑‡∏≠‡∏Å‡∏£‡∏∞‡∏ó‡∏∞‡∏£‡πâ‡∏≠‡∏ô,https://d1sag4ddilekf6.cloudfront.net/compressed_webp/items/THITE20200323053833027932/detail/d8eb934d5c3f464a997350ca06d6c89b_1584941913773890647.webp
yayoi,‡∏Ç‡πâ‡∏≤‡∏ß‡∏£‡∏≤‡∏î‡∏´‡∏ô‡πâ‡∏≤‡πÅ‡∏Å‡∏á‡∏Å‡∏∞‡∏´‡∏£‡∏µ‡πà‡∏´‡∏°‡∏π‡∏ä‡∏µ‡∏™‡πÄ‡∏ö‡∏≠‡∏£‡πå‡πÄ‡∏Å‡∏≠‡∏£‡πå,https://d1sag4ddilekf6.cloudfront.net/compressed_webp/items/THITE20200726172517012148/detail/ca6467b4bb864eeba889356c9813a795_1595784478020321617.webp
yayoi,‡∏£‡∏≤‡πÄ‡∏°‡πá‡∏á‡πÅ‡∏ä‡∏°‡∏õ‡πå‡πÄ‡∏õ‡∏µ‡πâ‡∏¢‡∏ô,https://d1sag4ddilekf6.cloudfront.net/compressed_webp/items/THITE20230607044752142101/detail/0add0096035e4866a4d91e81da79293a_1686113585735208200.webp
yayoi,‡∏£‡∏≤‡πÄ‡∏°‡πá‡∏á‡πÅ‡∏ä‡∏°‡∏õ‡πå‡πÄ‡∏õ‡∏µ‡πâ‡∏¢‡∏ô,https://d1sag4ddilekf6.cloudfront.net/compressed_webp/items/THITE20200626061159262423/detail/1fa01022013b4e40bbace46f53570c0a_1658427101268243378.webp
yayoi,‡∏£‡∏≤‡πÄ‡∏°‡πá‡∏á‡πÅ‡∏ä‡∏°‡∏õ‡πå‡πÄ‡∏õ‡∏µ‡πâ‡∏¢‡∏ô,https://d1sag4ddilekf6.cloudfront.net/compressed_webp/items/THITE20200626061158170030/detail/204b5dd896ab4a2a9bc1e1a7e215553a_1658427114541857644.webp
mhan,‡∏ö‡∏∞‡∏´‡∏°‡∏µ‡πà‡πÄ‡∏Å‡∏µ‡πä‡∏¢‡∏ß‡∏Å‡∏∏‡πâ‡∏á,https://d1sag4ddilekf6.cloudfront.net/compressed_webp/items/THITE2022121607140040688/detail/menueditor_item_6d57a42e52b448cd8b1555bcab4201c9_1672641304735696814.webp
yumcha,‡∏Ç‡πâ‡∏≤‡∏ß‡πÑ‡∏Å‡πà‡∏ó‡∏≠‡∏î‡∏û‡∏£‡∏¥‡∏Å‡πÄ‡∏Å‡∏•‡∏∑‡∏≠,https://d1sag4ddilekf6.cloudfront.net/compressed_webp/items/THITE2020121010172706693/detail/menueditor_item_53d22356b0ff4c0e9b8b148b8b92be25_1607595352203162697.webp
lele,‡∏Å‡πã‡∏ß‡∏¢‡∏à‡∏±‡πä‡∏ö‡∏ç‡∏ß‡∏ô,https://d1sag4ddilekf6.cloudfront.net/compressed_webp/items/THITE2021061009014289881/detail/menueditor_item_13fc122499fd48acb858ce69662c33e4_1623315610100827233.webp
lele,‡∏Å‡πã‡∏ß‡∏¢‡πÄ‡∏ï‡∏µ‡πã‡∏¢‡∏ß‡∏´‡∏•‡∏≠‡∏î,https://d1sag4ddilekf6.cloudfront.net/compressed_webp/items/THITE2021061008542207913/detail/menueditor_item_ce3adbd3baf64efa83d9c24e0d31b866_1623315166451663281.webp
sook-sathon-vegan,‡∏Å‡πã‡∏ß‡∏¢‡πÄ‡∏ï‡∏µ‡πã‡∏¢‡∏ß‡∏´‡∏•‡∏≠‡∏î,https://d1sag4ddilekf6.cloudfront.net/compressed_webp/items/THITE2023030101154181362/detail/menueditor_item_2f95c397783d422fbc679fa1dfdb02b7_1677687826267433715.webp
sook-sathon-vegan,‡∏Å‡πã‡∏ß‡∏¢‡πÄ‡∏ï‡∏µ‡πã‡∏¢‡∏ß‡∏´‡∏•‡∏≠‡∏î,https://d1sag4ddilekf6.cloudfront.net/compressed_webp/items/THITE20221101115625110819/detail/menueditor_item_408267c4513240d7a6d6c2ea602f1bc2_1690323205967608393.webp
lele,‡πÅ‡∏´‡∏ô‡∏°‡πÄ‡∏ô‡∏∑‡∏≠‡∏á‡∏´‡πà‡∏≠‡∏™‡∏≥‡πÄ‡∏£‡πá‡∏à,https://d1sag4ddilekf6.cloudfront.net/compressed_webp/items/THITE2021060808004138151/detail/menueditor_item_5fc4cb2f52e4409086eab70833803119_1623139196990092875.webp
pizza-company,‡∏û‡∏¥‡∏ã‡∏ã‡πà‡∏≤‡∏û‡∏±‡∏ü ‡∏ó‡∏£‡∏¥‡∏õ‡πÄ‡∏õ‡∏¥‡πâ‡∏• ‡∏°‡∏µ‡∏ó,https://d1sag4ddilekf6.cloudfront.net/compressed_webp/items/THITE20230417210425011927/detail/49296d7a_103023.webp
RongsiPochana,‡∏Ç‡πâ‡∏≤‡∏ß‡∏´‡∏ô‡πâ‡∏≤‡πÄ‡∏õ‡πá‡∏î‡∏û‡∏∞‡πÇ‡∏•‡πâ,https://d1sag4ddilekf6.cloudfront.net/compressed_webp/items/3-CY5XC333LKNVV2-CY5XC34CKAWYGA/detail/aa4eba63e46e427b8ca91064bd0348eb_1598463540160136456.webp
zong,‡∏Ç‡πâ‡∏≤‡∏ß‡∏´‡∏ô‡πâ‡∏≤‡πÄ‡∏õ‡πá‡∏î‡∏û‡∏∞‡πÇ‡∏•‡πâ,https://d1sag4ddilekf6.cloudfront.net/compressed_webp/items/THITE20210809105121123824/detail/menueditor_item_7fadec016ffd49928fb7139ca83a455e_1630117308406954159.webp
zong,‡πÅ‡∏Ç‡∏ô‡∏á‡∏´‡∏°‡∏π‡∏Å‡∏£‡∏≠‡∏ö‡∏£‡∏≤‡∏î‡∏Ç‡πâ‡∏≤‡∏ß,https://d1sag4ddilekf6.cloudfront.net/compressed_webp/items/THITE20210809105117188372/detail/menueditor_item_4236ab5cc9354790a59f5df427431cfb_1630119019995402632.webp
zong,‡∏Ç‡πâ‡∏≤‡∏ß‡∏´‡∏ô‡πâ‡∏≤‡πÑ‡∏Ç‡πà‡∏¢‡∏π‡πà‡∏¢‡∏µ‡πà‡∏Å‡∏∏‡πâ‡∏á,https://d1sag4ddilekf6.cloudfront.net/compressed_webp/items/THITE2020051619540394313/detail/menueditor_item_1fa544b206634d909d9761688b8622a3_1589658787024226973.webp
RongsiPochana,‡∏Ç‡πâ‡∏≤‡∏ß‡∏Å‡∏∏‡πâ‡∏á‡∏ú‡∏±‡∏î‡∏û‡∏£‡∏¥‡∏Å‡∏Ç‡∏µ‡πâ‡∏´‡∏ô‡∏π,https://d1sag4ddilekf6.cloudfront.net/compressed_webp/items/3-CY5XC333LKNVV2-CY5XC34CWFBDME/detail/eeb8220989a0452f825ee30ac5d349c5_1598463590772381955.webp
s-and-p,‡∏Ç‡πâ‡∏≤‡∏ß‡∏Å‡∏∏‡πâ‡∏á‡∏ú‡∏±‡∏î‡∏û‡∏£‡∏¥‡∏Å‡∏Ç‡∏µ‡πâ‡∏´‡∏ô‡∏π,https://d1sag4ddilekf6.cloudfront.net/compressed_webp/items/THITE20220331101228062437/detail/5beadc86e8f548b1b5c279bd64064819_1648721548280521697.webp
RongsiPochana,‡πÇ‡∏Å‡∏¢‡∏ã‡∏µ‡∏´‡∏°‡∏µ‡πà,https://d1sag4ddilekf6.cloudfront.net/compressed_webp/items/THITE20211214170801018425/detail/70ad52556f004d6eb6ca9e8d9d84283b_1639501676272847072.webp
kub-kao-kub-pla,‡πÇ‡∏Å‡∏¢‡∏ã‡∏µ‡∏´‡∏°‡∏µ‡πà,https://d1sag4ddilekf6.cloudfront.net/compressed_webp/items/THITE20211021180940110162/detail/1167e126d3fa428e84c9cfed68c2157f_1634839771685467266.webp
sanyod,‡πÇ‡∏Å‡∏¢‡∏ã‡∏µ‡∏´‡∏°‡∏µ‡πà,https://d1sag4ddilekf6.cloudfront.net/compressed_webp/items/3-CZDHJU3AAKUFWA-CZDHJU3GAADBLJ/detail/694007d760b84d37a78bcc6c67347f1c_1586744726036371660.webp
coffee-bean-by-dao,‡∏Ç‡πâ‡∏≤‡∏ß‡∏ã‡∏≠‡∏¢‡πÑ‡∏Å‡πà,https://d1sag4ddilekf6.cloudfront.net/compressed_webp/items/THITE2022101212445779753/detail/menueditor_item_4410721744094b158c1edbb82b9b22a4_1665578691366190019.webp
coffee-bean-by-dao,‡∏Å‡πã‡∏ß‡∏¢‡πÄ‡∏ï‡∏µ‡πã‡∏¢‡∏ß‡∏•‡∏∏‡∏¢‡∏™‡∏ß‡∏ô,https://d1sag4ddilekf6.cloudfront.net/compressed_webp/items/THITE20200420160927196698/detail/menueditor_item_c37607ba652d457aa98a39ec6d93a0df_1618105623539494628.webp
coffee-bean-by-dao,‡∏Ç‡πâ‡∏≤‡∏ß‡∏Ñ‡∏•‡∏∏‡∏Å‡∏Å‡∏∞‡∏õ‡∏¥,https://d1sag4ddilekf6.cloudfront.net/compressed_webp/items/3-CZDEDBJBA7UUFE-CZDWV8KTEJEFRE/detail/881738edb157409a95433b36be5c498c_1587397930269277135.webp
s-and-p,‡∏Ç‡πâ‡∏≤‡∏ß‡∏Ñ‡∏•‡∏∏‡∏Å‡∏Å‡∏∞‡∏õ‡∏¥,https://d1sag4ddilekf6.cloudfront.net/compressed_webp/items/THITE20230423114545018833/detail/bc4febc00bfc49c29e7ef7e35dfca9f4_1684669638619963416.webp
s-and-p,‡∏Ç‡πâ‡∏≤‡∏ß‡∏Ñ‡∏•‡∏∏‡∏Å‡∏Å‡∏∞‡∏õ‡∏¥,https://d1sag4ddilekf6.cloudfront.net/compressed_webp/items/THITE20230423114545018833/detail/bc4febc00bfc49c29e7ef7e35dfca9f4_1684669638619963416.webp
s-and-p,‡∏Ç‡πâ‡∏≤‡∏ß‡∏Ñ‡∏•‡∏∏‡∏Å‡∏Å‡∏∞‡∏õ‡∏¥,https://d1sag4ddilekf6.cloudfront.net/compressed_webp/items/THITE20220331101227049729/detail/090502e2037c49069a1b099831925ba9_1648721547163698439.webp
s-and-p,‡∏Ç‡πâ‡∏≤‡∏ß‡∏Ñ‡∏•‡∏∏‡∏Å‡∏Å‡∏∞‡∏õ‡∏¥,https://d1sag4ddilekf6.cloudfront.net/compressed_webp/items/THITE20230208055344019027/detail/8534e83ca92d4ddf81abb5cfe2d8e1f0_1681123143393121063.webp
fam-time,‡∏°‡∏±‡∏Å‡∏Å‡∏∞‡πÇ‡∏£‡∏ô‡∏µ‡∏≠‡∏ö‡∏ä‡∏µ‡∏™,https://d1sag4ddilekf6.cloudfront.net/compressed_webp/items/THITE2021070704134076469/detail/menueditor_item_6e8af48d869749b3a17a5e3b2aab8182_1691400290903133737.webp
kub-kao-kub-pla,‡∏°‡∏±‡∏Å‡∏Å‡∏∞‡πÇ‡∏£‡∏ô‡∏µ‡∏≠‡∏ö‡∏ä‡∏µ‡∏™,https://d1sag4ddilekf6.cloudfront.net/compressed_webp/items/THITE20211021183221144319/detail/9c2f1e47831b4a4c9c6a945ef0bdbdde_1634841127365279013.webp
kub-kao-kub-pla,‡∏°‡∏±‡∏Å‡∏Å‡∏∞‡πÇ‡∏£‡∏ô‡∏µ‡∏≠‡∏ö‡∏ä‡∏µ‡∏™,https://d1sag4ddilekf6.cloudfront.net/compressed_webp/items/THITE20211021183146202582/detail/a0aec2f4640f441e96b054ce0ed69f61_1634841096354506457.webp
kub-kao-kub-pla,‡∏°‡∏±‡∏Å‡∏Å‡∏∞‡πÇ‡∏£‡∏ô‡∏µ‡∏≠‡∏ö‡∏ä‡∏µ‡∏™,https://d1sag4ddilekf6.cloudfront.net/compressed_webp/items/THITE20211021183128723952/detail/4b47b2e38d304814961af7e6d99a4862_1634841083362101200.webp
kub-kao-kub-pla,‡∏°‡∏±‡∏Å‡∏Å‡∏∞‡πÇ‡∏£‡∏ô‡∏µ‡∏≠‡∏ö‡∏ä‡∏µ‡∏™,https://d1sag4ddilekf6.cloudfront.net/compressed_webp/items/3-CYMFLFKZRN4HKE-CYMFLFL3LZBKLN/detail/03d88d77e8fe4926b6d900c3196c0de0_1601502992677042166.webp
fam-time,‡∏Ç‡πâ‡∏≤‡∏ß‡∏ú‡∏±‡∏î‡∏™‡πÄ‡∏ï‡πá‡∏Å‡∏´‡∏°‡∏π‡∏ô‡πâ‡∏≥‡∏à‡∏¥‡πâ‡∏°‡πÅ‡∏à‡πà‡∏ß,https://d1sag4ddilekf6.cloudfront.net/compressed_webp/items/THITE2021071009031967252/detail/menueditor_item_a654d8caac584b4183b3f1fcd5614179_1691401134725557657.webp
fam-time,‡∏Ç‡πâ‡∏≤‡∏ß‡∏ú‡∏±‡∏î‡∏Å‡∏∞‡πÄ‡∏û‡∏£‡∏≤‡πÅ‡∏ã‡∏•‡∏°‡∏≠‡∏ô,https://d1sag4ddilekf6.cloudfront.net/compressed_webp/items/3-CYXXV2L2RBLKTT-CZAHDAN3C6NATA/detail/menueditor_item_4a1813d54878469bb43b9a60b6e71b80_1691401202540166657.webp
fam-time,‡∏Ç‡πâ‡∏≤‡∏ß‡∏ú‡∏±‡∏î‡∏Å‡∏∞‡πÄ‡∏û‡∏£‡∏≤‡∏™‡πÄ‡∏ï‡πá‡∏Å‡∏´‡∏°‡∏π,https://d1sag4ddilekf6.cloudfront.net/compressed_webp/items/3-CYXXV2L2RBLKTT-CZAHDAN3AJE2ET/detail/menueditor_item_69f09b58abdf4f04a635462c2142bf4b_1691401170638682261.webp
fam-time,‡∏™‡πÄ‡∏ï‡πá‡∏Å‡∏´‡∏°‡∏π‡∏û‡∏£‡∏¥‡∏Å‡πÑ‡∏ó‡∏¢‡∏î‡∏≥ ,https://d1sag4ddilekf6.cloudfront.net/compressed_webp/items/THITE2021070704401296897/detail/menueditor_item_875d01f3ad744d6aa9348927d46be288_1691400771453731315.webp
fam-time,‡∏™‡πÄ‡∏ï‡πá‡∏Å‡∏´‡∏°‡∏π‡∏ã‡∏≠‡∏™‡∏ö‡∏≤‡∏£‡πå‡∏ö‡∏µ‡∏Ñ‡∏¥‡∏ß+‡∏°‡∏±‡∏ô‡πÄ‡∏ß‡∏à‡∏≠‡∏ö‡∏ä‡∏µ‡∏™ ,https://d1sag4ddilekf6.cloudfront.net/compressed_webp/items/THITE2021070704433837839/detail/menueditor_item_63ce48f88a564259bc844e06bca07c19_1691400741282701245.webp
fam-time,‡πÄ‡∏ü‡∏ï‡∏ï‡∏π‡∏ä‡∏¥‡∏ô‡∏µ‡∏ú‡∏±‡∏î‡∏ã‡∏≠‡∏™‡∏û‡∏£‡∏¥‡∏Å‡∏®‡∏£‡∏µ‡∏£‡∏≤‡∏ä‡∏≤‡πÑ‡∏Å‡πà‡∏¢‡πà‡∏≤‡∏á ,https://d1sag4ddilekf6.cloudfront.net/compressed_webp/items/THITE2021070704112941915/detail/menueditor_item_d53dd965cfb2448eb70b69a304fdc427_1691400204912823129.webp
fam-time,‡∏™‡∏•‡∏±‡∏î‡πÅ‡∏ã‡∏•‡∏°‡∏≠‡∏ô‡∏Å‡∏£‡∏¥‡∏•‡∏•‡πå‡∏ô‡πâ‡∏≥‡∏™‡∏•‡∏±‡∏î‡∏ö‡∏±‡∏•‡∏ã‡∏≤‡∏°‡∏¥‡∏Ñ ,https://d1sag4ddilekf6.cloudfront.net/compressed_webp/items/THITE2021071009150615569/detail/menueditor_item_54774915ecb54195890a3d3461c77d00_1691401027464964935.webp
fam-time,‡πÄ‡∏Ñ‡∏ã‡∏≤‡∏î‡∏¥‡∏•‡∏ç‡πà‡∏≤‡∏ú‡∏±‡∏Å‡πÇ‡∏Ç‡∏°‡πÄ‡∏ö‡∏Ñ‡∏≠‡∏ô ,https://d1sag4ddilekf6.cloudfront.net/compressed_webp/items/THITE2021070703541082247/detail/menueditor_item_503c17ece49c48039e675f29bf0e07f8_1691401481160841342.webp
fam-time,‡∏™‡∏•‡∏±‡∏î‡∏ú‡∏±‡∏Å‡∏¢‡πà‡∏≤‡∏á,https://d1sag4ddilekf6.cloudfront.net/compressed_webp/items/THITE2021071009193991061/detail/menueditor_item_8bfa424f3682475ea34585c5355659cd_1691400974481741923.webp
ohkajhu,‡∏™‡∏•‡∏±‡∏î‡∏ú‡∏±‡∏Å‡∏¢‡πà‡∏≤‡∏á,https://d1sag4ddilekf6.cloudfront.net/compressed_webp/items/THITE20201015100638225833/detail/ec1ef7ac55d8470aab82d86a3c440954_1654516703371852344.webp
fam-time,‡∏ã‡∏µ‡∏ã‡πà‡∏≤‡∏™‡∏•‡∏±‡∏î ,https://d1sag4ddilekf6.cloudfront.net/compressed_webp/items/THITE2021071009081806775/detail/menueditor_item_e0c6e9557f4b4147b5e3a5efd601d846_1691401085038288074.webp
baan-Ying,‡∏Ç‡πâ‡∏≤‡∏ß‡πÑ‡∏Ç‡πà‡∏Ç‡πâ‡∏ô‡πÑ‡∏Å‡πà‡∏ó‡∏≠‡∏î‡∏ã‡∏≠‡∏™‡πÑ‡∏´‡πà‡∏´‡∏ô‡∏≤‡∏ô,https://d1sag4ddilekf6.cloudfront.net/compressed_webp/items/THITE2023060814575069941/detail/menueditor_item_4081029bb37846f49718c1246ab2c9cc_1686236240374183367.webp
baan-Ying,‡∏Ç‡πâ‡∏≤‡∏ß‡πÑ‡∏Ç‡πà‡∏Ç‡πâ‡∏ô‡πÑ‡∏Å‡πà‡∏ó‡∏≠‡∏î‡∏ã‡∏≠‡∏™‡πÑ‡∏´‡πà‡∏´‡∏ô‡∏≤‡∏ô,https://d1sag4ddilekf6.cloudfront.net/compressed_webp/items/THITE2021071701240132234/detail/menueditor_item_55173bc9857b40edaec2f56308db27d4_1626484926627013575.webp
baan-Ying,‡∏Ç‡πâ‡∏≤‡∏ß‡∏ú‡∏±‡∏î‡∏õ‡∏•‡∏≤‡∏ó‡∏π‡∏Å‡∏≤‡∏Å‡∏´‡∏°‡∏π,https://d1sag4ddilekf6.cloudfront.net/compressed_webp/items/3-CZDFBA3CFAMUHA-CZDFBA3XRE41RT/detail/d077e2f217574f0abc17ab4500c769c9_1588676820236987981.webp
baan-Ying,‡∏Ç‡πâ‡∏≤‡∏ß+‡∏Å‡∏∞‡πÄ‡∏û‡∏£‡∏≤‡∏Å‡∏∏‡πâ‡∏á,https://d1sag4ddilekf6.cloudfront.net/compressed_webp/items/3-CZDFBA3CFAMUHA-CZDFBA3UWFWBAA/detail/d7c50ae2157f40cab4d1922066acc612_1588676812615235738.webp
baan-Ying,‡∏Ç‡πâ‡∏≤‡∏ß‡∏ú‡∏±‡∏î‡∏™‡∏±‡∏õ‡∏õ‡∏∞‡∏£‡∏î,https://d1sag4ddilekf6.cloudfront.net/compressed_webp/items/3-CZDFBA3CFAMUHA-CZDFBA3WCX43LT/detail/99ab6d3014c943b79eed95207f096566_1588676815896913731.webp
baan-Ying,‡∏Ç‡πâ‡∏≤‡∏ß‡∏ú‡∏±‡∏î‡πÄ‡∏ô‡∏∑‡πâ‡∏≠‡πÄ‡∏Ñ‡πá‡∏°,https://d1sag4ddilekf6.cloudfront.net/compressed_webp/items/THITE2021100808484667941/detail/menueditor_item_93d654a5ec8b4cb9af6df66d77669cf7_1633682903830395878.webp
mister-joe,‡∏Å‡πã‡∏ß‡∏¢‡∏à‡∏±‡πä‡∏ö‡∏ô‡πâ‡∏≥‡πÉ‡∏™‡πÉ‡∏™‡πà‡∏ó‡∏∏‡∏Å‡∏≠‡∏¢‡πà‡∏≤‡∏á,https://d1sag4ddilekf6.cloudfront.net/compressed_webp/items/THITE20191226051657014120/detail/d899e7d831984152a31ed2eb1ad1ca8b_1624642543130064355.webp
RongsiPochana,‡∏´‡∏°‡∏π‡∏Å‡∏£‡∏≠‡∏ö,https://d1sag4ddilekf6.cloudfront.net/compressed_webp/items/3-CY5XC333LKNVV2-CY5XC34KJKKAKE/detail/ad845e21600a4609971e07a67cde8105_1598462840924804443.webp
baan-Ying,‡∏´‡∏°‡∏π‡∏Å‡∏£‡∏≠‡∏ö,https://d1sag4ddilekf6.cloudfront.net/compressed_webp/items/3-CZDFBA3CFAMUHA-CZDFBA3JGFDBUE/detail/baff39809cca4f6d98161d6ce1607d90_1588676802680931205.webp
baan-Ying,‡∏´‡∏°‡∏π‡∏Å‡∏£‡∏≠‡∏ö,https://d1sag4ddilekf6.cloudfront.net/compressed_webp/items/3-CZDFBA3CFAMUHA-CZDFBA3TN2KKAA/detail/37381457d17348499a633e08a385475e_1588676809148939211.webp
baan-Ying,‡∏´‡∏°‡∏π‡∏Å‡∏£‡∏≠‡∏ö,https://d1sag4ddilekf6.cloudfront.net/compressed_webp/items/3-CZDFBA3CFAMUHA-CZDFBA3WVUTKN6/detail/de97bc068de54068a55f08a81807bb4b_1588676818085090752.webp
coco-ichobanya,‡∏´‡∏°‡∏π‡∏Å‡∏£‡∏≠‡∏ö,https://d1sag4ddilekf6.cloudfront.net/compressed_webp/items/THITE20230223111349024934/detail/daf58621bdc24e47a8cb6c4856fe50c9_1677150829668961675.webp
coffee-bean-by-dao,‡∏´‡∏°‡∏π‡∏Å‡∏£‡∏≠‡∏ö,https://d1sag4ddilekf6.cloudfront.net/compressed_webp/items/THITE202004201609361256325/detail/menueditor_item_1ad81951313c496c9bd4df002c441ab3_1618242405839006408.webp
coffee-bean-by-dao,‡∏´‡∏°‡∏π‡∏Å‡∏£‡∏≠‡∏ö,https://d1sag4ddilekf6.cloudfront.net/compressed_webp/items/THITE20200420160936934404/detail/menueditor_item_f95422e20d2b4af3b18ace95fb128a5f_1618244683696725632.webp
ekkamai-macchiato,‡∏´‡∏°‡∏π‡∏Å‡∏£‡∏≠‡∏ö,https://d1sag4ddilekf6.cloudfront.net/compressed_webp/items/THITE2021052809335031763/detail/menueditor_item_ae04a676b0634f0e8a32ca6dbea3558f_1689088957264764633.webp
ekkamai-macchiato,‡∏´‡∏°‡∏π‡∏Å‡∏£‡∏≠‡∏ö,https://d1sag4ddilekf6.cloudfront.net/compressed_webp/items/THITE20210222034121124079/detail/menueditor_item_dc5973264456489eb17628ef2d29eec7_1689089361560059732.webp
ekkamai-macchiato,‡∏´‡∏°‡∏π‡∏Å‡∏£‡∏≠‡∏ö,https://d1sag4ddilekf6.cloudfront.net/compressed_webp/items/THITE20210222034120125430/detail/menueditor_item_e91767edb440447db4c230f4ead3a23c_1689089470927480383.webp
ekkamai-macchiato,‡∏´‡∏°‡∏π‡∏Å‡∏£‡∏≠‡∏ö,https://d1sag4ddilekf6.cloudfront.net/compressed_webp/items/THITE20210125051827012160/detail/menueditor_item_9410e9b4065d4e838c20964f2f303f64_1611583036608706771.webp
ekkamai-macchiato,‡∏´‡∏°‡∏π‡∏Å‡∏£‡∏≠‡∏ö,https://d1sag4ddilekf6.cloudfront.net/compressed_webp/items/THITE20210125051817013872/detail/menueditor_item_ea014d1a80f84fb5bb97a260426b09b4_1611583061809713378.webp
kruakinkrata,‡∏´‡∏°‡∏π‡∏Å‡∏£‡∏≠‡∏ö,https://d1sag4ddilekf6.cloudfront.net/compressed_webp/items/THITE2023070307341065275/detail/menueditor_item_824f0cfe43e740348b8274221465d9dd_1688369596683893596.webp
kruakinkrata,‡∏´‡∏°‡∏π‡∏Å‡∏£‡∏≠‡∏ö,https://d1sag4ddilekf6.cloudfront.net/compressed_webp/items/THITE2023070308463447587/detail/menueditor_item_731a05ac99a740d99fd560546d8b3ed2_1688373949644955817.webp
kruakinkrata,‡∏´‡∏°‡∏π‡∏Å‡∏£‡∏≠‡∏ö,https://d1sag4ddilekf6.cloudfront.net/compressed_webp/items/THITE2023070309002965302/detail/menueditor_item_66348068acba47728f67944a83e67341_1688374750579019762.webp
kub-kao-kub-pla,‡∏´‡∏°‡∏π‡∏Å‡∏£‡∏≠‡∏ö,https://d1sag4ddilekf6.cloudfront.net/compressed_webp/items/THITE20220925161111989359/detail/52947b6145e6491285f3e9f30b7637c6_1664122271964992130.webp
kub-kao-kub-pla,‡∏´‡∏°‡∏π‡∏Å‡∏£‡∏≠‡∏ö,https://d1sag4ddilekf6.cloudfront.net/compressed_webp/items/THITE20220925161112184090/detail/eca70839da3e4e89aa86296dfc6fd1be_1664122272186254677.webp
kub-kao-kub-pla,‡∏´‡∏°‡∏π‡∏Å‡∏£‡∏≠‡∏ö,https://d1sag4ddilekf6.cloudfront.net/compressed_webp/items/THITE20211021170613049096/detail/f3b6e7f700ad4118b6e79780ecbfa203_1634835971152464005.webp
kub-kao-kub-pla,‡∏´‡∏°‡∏π‡∏Å‡∏£‡∏≠‡∏ö,https://d1sag4ddilekf6.cloudfront.net/compressed_webp/items/THITE20211021175234597672/detail/f852de2944de46b0ac81674c5bdb9bb3_1634838746699844856.webp
kub-kao-kub-pla,‡∏´‡∏°‡∏π‡∏Å‡∏£‡∏≠‡∏ö,https://d1sag4ddilekf6.cloudfront.net/compressed_webp/items/THITE20211021175123495162/detail/82d6d1b691ec46528445641b5b577800_1634838667276858569.webp
kub-kao-kub-pla,‡∏´‡∏°‡∏π‡∏Å‡∏£‡∏≠‡∏ö,https://d1sag4ddilekf6.cloudfront.net/compressed_webp/items/THITE20211021174917393115/detail/8feadd6da1e3495e970f86edb19f245e_1634838548137883947.webp
kub-kao-kub-pla,‡∏´‡∏°‡∏π‡∏Å‡∏£‡∏≠‡∏ö,https://d1sag4ddilekf6.cloudfront.net/compressed_webp/items/THITE20201118015219131661/detail/b7b97fc1a0cc4b399df23f0df03e86fd_1634840673888131315.webp
kub-kao-kub-pla,‡∏´‡∏°‡∏π‡∏Å‡∏£‡∏≠‡∏ö,https://d1sag4ddilekf6.cloudfront.net/compressed_webp/items/THITE20201001020428305776/detail/540237a5540849899cf5984924cbb5f8_1634840850492284965.webp
kub-kao-kub-pla,‡∏´‡∏°‡∏π‡∏Å‡∏£‡∏≠‡∏ö,https://d1sag4ddilekf6.cloudfront.net/compressed_webp/items/THITE20201001020428167626/detail/b856323762be4cedb2a715b6f342e14b_1634840908386896107.webp
kub-kao-kub-pla,‡∏´‡∏°‡∏π‡∏Å‡∏£‡∏≠‡∏ö,https://d1sag4ddilekf6.cloudfront.net/compressed_webp/items/THITE20211021183657374843/detail/385f34f51a674df08d004f66e7d8f304_1634841411354993909.webp
mister-joe,‡∏´‡∏°‡∏π‡∏Å‡∏£‡∏≠‡∏ö,https://d1sag4ddilekf6.cloudfront.net/compressed_webp/items/THITE2020071804143838977/detail/6f52af90d8f7495287ae6f2b39a7b3b0_1624642374220080665.webp
mister-joe,‡∏´‡∏°‡∏π‡∏Å‡∏£‡∏≠‡∏ö,https://d1sag4ddilekf6.cloudfront.net/compressed_webp/items/THITE20191226051910013560/detail/44a38060d14a43e79130fcf4caa40446_1624642336164219725.webp
mister-joe,‡∏´‡∏°‡∏π‡∏Å‡∏£‡∏≠‡∏ö,https://d1sag4ddilekf6.cloudfront.net/compressed_webp/items/THITE20191226051835013019/detail/2574e0c887894d9882f51fd39a2213d1_1624642683740339930.webp
so-vegan,‡∏´‡∏°‡∏π‡∏Å‡∏£‡∏≠‡∏ö,https://d1sag4ddilekf6.cloudfront.net/compressed_webp/items/THITE2022060208524865213/detail/menueditor_item_e849a2b2842048f5b99152a2ae5c67af_1654160230117743903.webp
so-vegan,‡∏´‡∏°‡∏π‡∏Å‡∏£‡∏≠‡∏ö,https://d1sag4ddilekf6.cloudfront.net/compressed_webp/items/THITE2021073014301385059/detail/menueditor_item_a1ee5414a17b4d16bbf9a80fcb4c1879_1627655396014676663.webp
sook-sathon-vegan,‡∏´‡∏°‡∏π‡∏Å‡∏£‡∏≠‡∏ö,https://d1sag4ddilekf6.cloudfront.net/compressed_webp/items/THITE20221101115625339075/detail/menueditor_item_fab48512361d4adda3862742ecb19fb5_1690319924447827758.webp
sook-sathon-vegan,‡∏´‡∏°‡∏π‡∏Å‡∏£‡∏≠‡∏ö,https://d1sag4ddilekf6.cloudfront.net/compressed_webp/items/THITE2023012920173610442/detail/menueditor_item_e67ad2f032294f638e2b4ca0d6c88537_1690319992298322649.webp
zong,‡∏´‡∏°‡∏π‡∏Å‡∏£‡∏≠‡∏ö,https://d1sag4ddilekf6.cloudfront.net/compressed_webp/items/3-CYKYVJEGJELEAT-CYKYVJJHGJVDNN/detail/menueditor_item_d77c6dbff04143588d29e04cfc961d74_1586896564416565326.webp
zong,‡∏´‡∏°‡∏π‡∏Å‡∏£‡∏≠‡∏ö,https://d1sag4ddilekf6.cloudfront.net/compressed_webp/items/THITE20210809105113085731/detail/menueditor_item_4e5e5c5789e24b988e131df5d87290a7_1630806010363801323.webp
zong,‡∏´‡∏°‡∏π‡∏Å‡∏£‡∏≠‡∏ö,https://d1sag4ddilekf6.cloudfront.net/compressed_webp/items/THITE20210809105115114724/detail/menueditor_item_eaf3384d16a045298e4ba4bc4c525f5e_1635190635045858688.webp
zong,‡∏´‡∏°‡∏π‡∏Å‡∏£‡∏≠‡∏ö,https://d1sag4ddilekf6.cloudfront.net/compressed_webp/items/THITE20210809105111044404/detail/menueditor_item_669934484a6f49a49d0d2068db0e1d0c_1630119054257461280.webp
zong,‡∏´‡∏°‡∏π‡∏Å‡∏£‡∏≠‡∏ö,https://d1sag4ddilekf6.cloudfront.net/compressed_webp/items/THITE20210809105117188372/detail/menueditor_item_4236ab5cc9354790a59f5df427431cfb_1630119019995402632.webp
zong,‡∏´‡∏°‡∏π‡∏Å‡∏£‡∏≠‡∏ö,https://d1sag4ddilekf6.cloudfront.net/compressed_webp/items/THITE2021062811015444433/detail/menueditor_item_33407f17198543329819a79a77b9ebdb_1625337976272906698.webp
zong,‡∏´‡∏°‡∏π‡∏Å‡∏£‡∏≠‡∏ö,https://d1sag4ddilekf6.cloudfront.net/compressed_webp/items/THITE2021062811040193318/detail/menueditor_item_4dd74d4d9ac44a41b7ebce95f2baa4df_1625241024690981082.webp
mhan,‡∏´‡∏°‡∏µ‡πà‡∏´‡∏°‡∏≤‡∏ô‡πÄ‡∏™‡∏∑‡∏≠‡∏£‡πâ‡∏≠‡∏á‡πÑ‡∏´‡πâ,https://d1sag4ddilekf6.cloudfront.net/compressed_webp/items/THITE20220826072110013742/detail/7ecb5e6b354c45e0b3dc2a748ced4b08_1661498457957164354.webp
mhan,‡∏Ç‡πâ‡∏≤‡∏ß‡∏´‡∏ô‡πâ‡∏≤‡πÄ‡∏ô‡∏∑‡πâ‡∏≠‡πÄ‡∏™‡∏∑‡∏≠‡∏£‡πâ‡∏≠‡∏á‡πÑ‡∏´‡πâ ,https://d1sag4ddilekf6.cloudfront.net/compressed_webp/items/THITE20220826071743014446/detail/aaf2a7dc427443c5a64f81e6b883556b_1661498252227765262.webp
mhan,‡∏Ç‡πâ‡∏≤‡∏ß‡∏´‡∏ô‡πâ‡∏≤‡∏´‡∏°‡∏π‡∏™‡∏≤‡∏°‡∏ä‡∏±‡πâ‡∏ô‡∏ã‡∏≠‡∏™‡∏´‡∏°‡∏≤‡∏ô üå∂Ô∏è ,https://d1sag4ddilekf6.cloudfront.net/compressed_webp/items/THITE20220826071910011703/detail/733ae8769e7c40af9d8b5200e6519159_1661498340498529945.webp
omu,(‡πÄ‡∏ô‡∏∑‡πâ‡∏≠) ‡∏Ç‡πâ‡∏≤‡∏ß‡∏´‡πà‡∏≠‡πÑ‡∏Ç‡πà‡∏´‡∏ô‡πâ‡∏≤‡πÄ‡∏ö‡∏≠‡∏£‡πå‡πÄ‡∏Å‡∏≠‡∏£‡πå‡∏£‡∏≤‡∏î‡πÄ‡∏î‡∏°‡∏¥‡∏Å‡∏•‡∏≤‡∏™,https://d1sag4ddilekf6.cloudfront.net/compressed_webp/items/THITE20191115102041012345/detail/menueditor_item_f7f0bce3f98e4f45a9e8da29d07e0e24_1630063146489846302.webp
omu,(‡∏´‡∏°‡∏π) ‡∏Ç‡πâ‡∏≤‡∏ß‡∏´‡πà‡∏≠‡πÑ‡∏Ç‡πà‡∏´‡∏ô‡πâ‡∏≤‡πÄ‡∏ö‡∏≠‡∏£‡πå‡πÄ‡∏Å‡∏≠‡∏£‡πå‡∏£‡∏≤‡∏î‡πÄ‡∏î‡∏°‡∏¥‡∏Å‡∏•‡∏≤‡∏™,https://d1sag4ddilekf6.cloudfront.net/compressed_webp/items/THITE20191115102105012235/detail/menueditor_item_7df679a0ff99443ab095d947c8c9c616_1630063122814146857.webp
omu,‡∏Ç‡πâ‡∏≤‡∏ß‡∏´‡πà‡∏≠‡πÑ‡∏Ç‡πà‡∏´‡∏ô‡πâ‡∏≤‡∏Å‡∏∏‡πâ‡∏á‡∏ó‡∏≠‡∏î‡∏£‡∏≤‡∏î‡∏ã‡∏≠‡∏™‡πÅ‡∏Å‡∏á‡∏Å‡∏∞‡∏´‡∏£‡∏µ‡πà,https://d1sag4ddilekf6.cloudfront.net/compressed_webp/items/THITE2022073116433952254/detail/menueditor_item_5dee1afff2d24a46860742e8025e3870_1659285785834347010.webp
omu,‡∏Ç‡πâ‡∏≤‡∏ß‡∏´‡πà‡∏≠‡πÑ‡∏Ç‡πà‡∏´‡∏ô‡πâ‡∏≤‡∏´‡∏°‡∏π‡∏ó‡∏≠‡∏î‡∏£‡∏≤‡∏î‡∏ã‡∏≠‡∏™‡πÅ‡∏Å‡∏á‡∏Å‡∏∞‡∏´‡∏£‡∏µ‡πà,https://d1sag4ddilekf6.cloudfront.net/compressed_webp/items/THITE20191115101652012732/detail/menueditor_item_10cb36be2b554761a566ec2226e3dba5_1630063681460857142.webp
omu,‡∏Ç‡πâ‡∏≤‡∏ß‡∏´‡πà‡∏≠‡πÑ‡∏Ç‡πà‡∏´‡∏ô‡πâ‡∏≤‡∏Ñ‡∏£‡∏µ‡∏°‡πÇ‡∏Ñ‡πÇ‡∏£‡πÄ‡∏Å‡∏∞‡∏£‡∏≤‡∏î‡∏Ñ‡∏£‡∏µ‡∏°‡∏ã‡∏≠‡∏™,https://d1sag4ddilekf6.cloudfront.net/compressed_webp/items/THITE20191115101105013017/detail/menueditor_item_b03097e10b79471b921106e9c1b12ff8_1630079347360869077.webp
ohkajhu,‡∏™‡∏•‡∏±‡∏î‡∏Ç‡πâ‡∏≤‡∏ß‡∏¢‡∏≥‡πÅ‡∏•‡∏∞‡∏Ñ‡∏ß‡∏¥‡∏ô‡∏±‡∏ß,https://d1sag4ddilekf6.cloudfront.net/compressed_webp/items/THITE20201015100637226221/detail/a39dff44a5bd448599eab8081528ceca_1654516704317582826.webp
ohkajhu,‡∏Ç‡πâ‡∏≤‡∏ß‡∏ú‡∏±‡∏î‡∏ô‡πâ‡∏≥‡∏û‡∏£‡∏¥‡∏Å‡∏´‡∏ô‡∏∏‡πà‡∏°‡∏´‡∏°‡∏π‡∏ó‡∏≠‡∏î‡∏á‡∏≤‡∏Ç‡∏≤‡∏ß,https://d1sag4ddilekf6.cloudfront.net/compressed_webp/items/THITE20201015100639268761/detail/a7a23a9eed564364ac1c4e3ad68da3c5_1654516731166618462.webp
ohkajhu,‡∏Ç‡πâ‡∏≤‡∏ß‡∏ã‡∏µ‡πà‡πÇ‡∏Ñ‡∏£‡∏á‡∏´‡∏°‡∏π‡∏≠‡∏ö‡∏™‡∏±‡∏ö‡∏õ‡∏∞‡∏£‡∏î,https://d1sag4ddilekf6.cloudfront.net/compressed_webp/items/THITE20201015100637317084/detail/350af176973f4af0b17a480166456669_1654516730289446003.webp
ohkajhu,‡∏Ç‡πâ‡∏≤‡∏ß‡πÑ‡∏Ç‡πà‡πÄ‡∏à‡∏µ‡∏¢‡∏ß‡πÅ‡∏ã‡∏•‡∏°‡∏≠‡∏ô‡∏™‡∏°‡∏∏‡∏ô‡πÑ‡∏û‡∏£‡πÑ‡∏£‡πâ‡∏ô‡πâ‡∏≥‡∏°‡∏±‡∏ô,https://d1sag4ddilekf6.cloudfront.net/compressed_webp/items/THITE20201015100638333522/detail/bb1f41b0c3e7453f9b96bbee2d91dcbd_1654516730896224692.webp
ohkajhu,‡∏™‡∏õ‡∏≤‡πÄ‡∏Å‡∏ï‡∏ï‡∏µ‡πâ‡∏ó‡∏π‡∏ô‡πà‡∏≤‡∏ï‡πâ‡∏°‡∏¢‡∏≥‡πÅ‡∏´‡πâ‡∏á,https://d1sag4ddilekf6.cloudfront.net/compressed_webp/items/THITE20201015100638369981/detail/df7ceab791494e008531d079d872ab8b_1654516723269172172.webp
thong-smith,E3 ‡∏ô‡πâ‡∏≥‡∏ï‡∏Å‡∏´‡∏°‡∏π‡∏ï‡∏∏‡πã‡∏ô,https://d1sag4ddilekf6.cloudfront.net/compressed_webp/items/THITE20200327085022025124/detail/d1709d11417442e489a5c6b33f88e8c7_1585299022355746642.webp
thong-smith,D3 ‡∏ô‡πâ‡∏≥‡∏ï‡∏Å‡πÄ‡∏ô‡∏∑‡πâ‡∏≠‡∏ï‡∏∏‡πã‡∏ô,https://d1sag4ddilekf6.cloudfront.net/compressed_webp/items/THITE20200327085015015188/detail/295de1d07ee84beca95656205df5a2be_1585299015356789287.webp
plaseesom,‡πÅ‡∏ã‡∏•‡∏°‡∏≠‡∏ô ‡∏ö‡∏¥‡∏ö‡∏¥‡∏°‡∏ö‡∏±‡∏ö,https://d1sag4ddilekf6.cloudfront.net/compressed_webp/items/3-CYMJR6KVJUAZTA-CYNVA2WUL4BJJN/detail/menueditor_item_f534eb607d3d419185ed73d940e2bb98_1593484999065748752.webp
plaseesom,‡πÅ‡∏ã‡∏•‡∏°‡∏≠‡∏ô ‡∏¢‡∏≥‡∏ï‡∏∞‡πÑ‡∏Ñ‡∏£‡πâ‡∏û‡∏£‡∏¥‡∏Å‡πÄ‡∏ú‡∏≤,https://d1sag4ddilekf6.cloudfront.net/compressed_webp/items/THITE2021030607024170995/detail/menueditor_item_4ffc847c03e14fba9a6ca64fcfbaed00_1615014122494428919.webp
baan-Ying,‡∏Ç‡πâ‡∏≤‡∏ß‡πÄ‡∏õ‡∏•‡πà‡∏≤,https://d1sag4ddilekf6.cloudfront.net/compressed_webp/items/THITE2022101403413099204/detail/menueditor_item_33ca8d4259d542469b8f1daa93bf8827_1665718862956610830.webp
yayoi,‡∏Ç‡πâ‡∏≤‡∏ß‡πÄ‡∏õ‡∏•‡πà‡∏≤,https://d1sag4ddilekf6.cloudfront.net/compressed_webp/items/THITE20200323053840032473/detail/13a1aa68e29148b7817c23a238b778ac_1584941920553811868.webp
song-fa,‡∏Ç‡πâ‡∏≤‡∏ß‡∏ï‡πâ‡∏°‡∏´‡∏°‡∏π‡∏ã‡∏á‡∏ü‡∏≤,https://d1sag4ddilekf6.cloudfront.net/compressed_webp/items/THITE20210712021443054009/detail/9c7d59dd056e4e8494f47997f493cdc6_1683539981777211462.webp
song-fa,‡∏ã‡∏∏‡∏õ‡∏ã‡∏µ‡πà‡πÇ‡∏Ñ‡∏£‡∏á‡∏´‡∏°‡∏π ,https://d1sag4ddilekf6.cloudfront.net/compressed_webp/items/THITE20210712021441056381/detail/f0305227aba74710afc982dcd884ad24_1683539981555076554.webp
song-fa,‡∏ã‡∏∏‡∏õ‡∏ã‡∏µ‡πà‡πÇ‡∏Ñ‡∏£‡∏á‡∏´‡∏°‡∏π ,https://d1sag4ddilekf6.cloudfront.net/compressed_webp/items/THITE20210712021442245753/detail/16c968d7a6ce4a719bc3d739297aae05_1683539981546018775.webp
gugu,White Onion Wing,https://d1sag4ddilekf6.cloudfront.net/compressed_webp/items/THITE20211121173714342153/detail/d660bf22f841458584a58def86fc108b_1637828637241910366.webp
gochujang,‡∏Ç‡πâ‡∏≤‡∏ß‡∏´‡∏ô‡πâ‡∏≤‡∏´‡∏°‡∏π‡∏ö‡∏π‡∏•‡πÇ‡∏Å‡∏Å‡∏¥,https://d1sag4ddilekf6.cloudfront.net/compressed_webp/items/THITE20220609181003047364/detail/menueditor_item_55a31de236a94b568ec392d85e10ea11_1655960157965047062.webp
gochujang,‡∏ã‡∏∏‡∏õ‡∏Å‡∏¥‡∏°‡∏à‡∏¥,https://d1sag4ddilekf6.cloudfront.net/compressed_webp/items/THITE20220609181004037021/detail/menueditor_item_d403587e92cb49e990cf40e5c1d7386d_1656042284774894057.webp
gochujang,‡∏ã‡∏∏‡∏õ‡∏Å‡∏¥‡∏°‡∏à‡∏¥,https://d1sag4ddilekf6.cloudfront.net/compressed_webp/items/THITE20220609181005017042/detail/3c45c819338c4d449b58a101553feeef_1654798205091113720.webp
hoong,‡∏Ç‡πâ‡∏≤‡∏ß‡∏™‡∏ß‡∏¢‡∏Ñ‡∏≠‡∏´‡∏°‡∏π‡∏¢‡πà‡∏≤‡∏á,https://d1sag4ddilekf6.cloudfront.net/compressed_webp/items/THITE2021082610211185458/detail/menueditor_item_ead650cd6e604c82b98fa7544c9d1383_1629973269759064299.webp
hoong,‡∏Ç‡πâ‡∏≤‡∏ß‡∏™‡∏ß‡∏¢‡πÑ‡∏Å‡πà‡∏Ñ‡∏≠‡∏°‡πÇ‡∏ö ,https://d1sag4ddilekf6.cloudfront.net/compressed_webp/items/THITE20210322164334016209/detail/5790094e25ea4263ac452a40027e2314_1626711976540589340.webp
hoong,‡∏Ç‡πâ‡∏≤‡∏ß‡∏°‡∏±‡∏ô‡πÑ‡∏Å‡πà‡∏ï‡πâ‡∏°,https://d1sag4ddilekf6.cloudfront.net/compressed_webp/items/3-C2B1TPWTNTV3TE-C2B1TXWUN6TAGJ/detail/0d06b07406c04bf3936303e83cf5d5de_1614173459814392284.webp
baan-Ying,‡∏Ç‡πâ‡∏≤‡∏ß‡∏°‡∏±‡∏ô‡πÑ‡∏Å‡πà‡∏ó‡∏≠‡∏î,https://d1sag4ddilekf6.cloudfront.net/compressed_webp/items/THITE2022050109485187796/detail/menueditor_item_8a31acb3a5714a36b078ad4fb1f112a0_1651398487067904154.webp
hoong,‡∏Ç‡πâ‡∏≤‡∏ß‡∏°‡∏±‡∏ô‡πÑ‡∏Å‡πà‡∏ó‡∏≠‡∏î,https://d1sag4ddilekf6.cloudfront.net/compressed_webp/items/3-C2B1TPWTNTV3TE-C2B1TXWUTFWYCJ/detail/92cd45689ef04c78a962215862ee0780_1614173460220901934.webp
ekkamai-macchiato,‡∏Ç‡πâ‡∏≤‡∏ß‡∏Ñ‡∏≠‡∏´‡∏°‡∏π‡∏ó‡∏≠‡∏î‡∏ô‡πâ‡∏≥‡∏õ‡∏•‡∏≤‡πÑ‡∏Ç‡πà‡∏î‡∏≤‡∏ß,https://d1sag4ddilekf6.cloudfront.net/compressed_webp/items/THITE2021031104085637811/detail/menueditor_item_927ba4f598934de09bb23d6e6d564c0f_1689091005775403025.webp
ekkamai-macchiato,‡∏Ç‡πâ‡∏≤‡∏ß‡∏Å‡∏∞‡πÄ‡∏û‡∏£‡∏≤‡∏´‡∏°‡∏π‡∏™‡∏±‡∏ö‡πÑ‡∏Ç‡πà‡∏î‡∏≤‡∏ß,https://d1sag4ddilekf6.cloudfront.net/compressed_webp/items/THITE2021080304514282531/detail/menueditor_item_219056e2b656483f8bcac8c032fa31cc_1648724552732113282.webp
s-and-p,‡∏Ç‡πâ‡∏≤‡∏ß‡∏´‡∏ô‡πâ‡∏≤‡πÑ‡∏Å‡πà‡∏¢‡πà‡∏≤‡∏á‡πÄ‡∏ó‡∏≠‡∏£‡∏¥‡∏¢‡∏≤‡∏Å‡∏¥,https://d1sag4ddilekf6.cloudfront.net/compressed_webp/items/THITE20210531153650104982/detail/f56a00cbe48f45a3813f7ae08c2d069a_1661167200427463358.webp
s-and-p,‡∏Ç‡πâ‡∏≤‡∏ß‡∏´‡∏ô‡πâ‡∏≤‡πÑ‡∏Å‡πà‡∏¢‡πà‡∏≤‡∏á‡πÄ‡∏ó‡∏≠‡∏£‡∏¥‡∏¢‡∏≤‡∏Å‡∏¥,https://d1sag4ddilekf6.cloudfront.net/compressed_webp/items/THITE20210531153649361052/detail/aaf516c7462149dcbc05dc0e24584435_1652167730997493932.webp
coffee-bean-by-dao,‡∏Ç‡πâ‡∏≤‡∏ß‡∏Ñ‡∏•‡∏∏‡∏Å‡∏Å‡∏∞‡∏õ‡∏¥,https://d1sag4ddilekf6.cloudfront.net/compressed_webp/items/3-CZDEDBJBA7UUFE-CZDWV8KTEJEFRE/detail/881738edb157409a95433b36be5c498c_1587397930269277135.webp
s-and-p,‡∏Ç‡πâ‡∏≤‡∏ß‡∏Ñ‡∏•‡∏∏‡∏Å‡∏Å‡∏∞‡∏õ‡∏¥,https://d1sag4ddilekf6.cloudfront.net/compressed_webp/items/THITE20230423114545018833/detail/bc4febc00bfc49c29e7ef7e35dfca9f4_1684669638619963416.webp
s-and-p,‡∏Ç‡πâ‡∏≤‡∏ß‡∏Ñ‡∏•‡∏∏‡∏Å‡∏Å‡∏∞‡∏õ‡∏¥,https://d1sag4ddilekf6.cloudfront.net/compressed_webp/items/THITE20230423114545018833/detail/bc4febc00bfc49c29e7ef7e35dfca9f4_1684669638619963416.webp
s-and-p,‡∏Ç‡πâ‡∏≤‡∏ß‡∏Ñ‡∏•‡∏∏‡∏Å‡∏Å‡∏∞‡∏õ‡∏¥,https://d1sag4ddilekf6.cloudfront.net/compressed_webp/items/THITE20220331101227049729/detail/090502e2037c49069a1b099831925ba9_1648721547163698439.webp
s-and-p,‡∏Ç‡πâ‡∏≤‡∏ß‡∏Ñ‡∏•‡∏∏‡∏Å‡∏Å‡∏∞‡∏õ‡∏¥,https://d1sag4ddilekf6.cloudfront.net/compressed_webp/items/THITE20230208055344019027/detail/8534e83ca92d4ddf81abb5cfe2d8e1f0_1681123143393121063.webp
s-and-p,‡∏Ç‡πâ‡∏≤‡∏ß‡∏Å‡∏∏‡πâ‡∏á‡∏ú‡∏±‡∏î‡∏û‡∏£‡∏¥‡∏Å‡∏Ç‡∏µ‡πâ‡∏´‡∏ô‡∏π‡πÑ‡∏Ç‡πà‡∏ô‡∏∏‡πà‡∏°,https://d1sag4ddilekf6.cloudfront.net/compressed_webp/items/THITE20220331101228062437/detail/5beadc86e8f548b1b5c279bd64064819_1648721548280521697.webp
RongsiPochana,‡∏Ç‡πâ‡∏≤‡∏ß‡∏ú‡∏±‡∏î‡∏õ‡∏π,https://d1sag4ddilekf6.cloudfront.net/compressed_webp/items/3-CY5XC333LKNVV2-CY5XC34BSEWKGX/detail/2eab5501695c4615967fea104dc37998_1598457123235011794.webp
kub-kao-kub-pla,‡∏Ç‡πâ‡∏≤‡∏ß‡∏ú‡∏±‡∏î‡∏õ‡∏π,https://d1sag4ddilekf6.cloudfront.net/compressed_webp/items/THITE20211021181856540502/detail/3a21d4a459424b8c920866fb60d55064_1634840330391893599.webp
s-and-p,‡∏Ç‡πâ‡∏≤‡∏ß‡∏ú‡∏±‡∏î‡∏õ‡∏π,https://d1sag4ddilekf6.cloudfront.net/compressed_webp/items/THITE20230430140045125455/detail/cbedf3c46e64497ca7ac70227c71bb1d_1682863245793046119.webp
s-and-p,‡∏Ç‡πâ‡∏≤‡∏ß‡∏ú‡∏±‡∏î‡∏õ‡∏π,https://d1sag4ddilekf6.cloudfront.net/compressed_webp/items/THITE20220331101230066611/detail/e413665b544041e68a5e4d60d97dda51_1652167726291104810.webp
zong,‡∏Ç‡πâ‡∏≤‡∏ß‡∏ú‡∏±‡∏î‡∏õ‡∏π,https://d1sag4ddilekf6.cloudfront.net/compressed_webp/items/THITE20210809105116131712/detail/menueditor_item_5a22be0740eb46e69d1c4d748d34fcc4_1630118810747349433.webp
s-and-p,‡∏Ç‡πâ‡∏≤‡∏ß‡∏ã‡∏≠‡∏¢‡∏ô‡πà‡∏≠‡∏á‡πÑ‡∏Å‡πà,https://d1sag4ddilekf6.cloudfront.net/compressed_webp/items/THITE20220331101233017722/detail/6f46ae04978b401587286bbe5f25d699_1652167727282408508.webp
s-and-p,‡∏Ç‡πâ‡∏≤‡∏ß‡πÑ‡∏Å‡πà‡∏≠‡∏ö,https://d1sag4ddilekf6.cloudfront.net/compressed_webp/items/THITE20220331101227115355/detail/0347156f4a494690b0feb230f92abbd9_1652167725720449922.webp
s-and-p,‡∏ä‡∏∏‡∏î‡∏Ç‡πâ‡∏≤‡∏ß‡πÅ‡∏Å‡∏á‡πÄ‡∏Ç‡∏µ‡∏¢‡∏ß‡∏´‡∏ß‡∏≤‡∏ô,https://d1sag4ddilekf6.cloudfront.net/compressed_webp/items/THITE20210531153647140792/detail/1b2f7530a6494201a8251fa924f8e76a_1661167200429976968.webp
coffee-bean-by-dao,‡∏Ç‡πâ‡∏≤‡∏ß‡∏Ñ‡∏•‡∏∏‡∏Å‡∏Å‡∏∞‡∏õ‡∏¥,https://d1sag4ddilekf6.cloudfront.net/compressed_webp/items/3-CZDEDBJBA7UUFE-CZDWV8KTEJEFRE/detail/881738edb157409a95433b36be5c498c_1587397930269277135.webp
s-and-p,‡∏Ç‡πâ‡∏≤‡∏ß‡∏Ñ‡∏•‡∏∏‡∏Å‡∏Å‡∏∞‡∏õ‡∏¥,https://d1sag4ddilekf6.cloudfront.net/compressed_webp/items/THITE20230423114545018833/detail/bc4febc00bfc49c29e7ef7e35dfca9f4_1684669638619963416.webp
s-and-p,‡∏Ç‡πâ‡∏≤‡∏ß‡∏Ñ‡∏•‡∏∏‡∏Å‡∏Å‡∏∞‡∏õ‡∏¥,https://d1sag4ddilekf6.cloudfront.net/compressed_webp/items/THITE20230423114545018833/detail/bc4febc00bfc49c29e7ef7e35dfca9f4_1684669638619963416.webp
s-and-p,‡∏Ç‡πâ‡∏≤‡∏ß‡∏Ñ‡∏•‡∏∏‡∏Å‡∏Å‡∏∞‡∏õ‡∏¥,https://d1sag4ddilekf6.cloudfront.net/compressed_webp/items/THITE20220331101227049729/detail/090502e2037c49069a1b099831925ba9_1648721547163698439.webp
s-and-p,‡∏Ç‡πâ‡∏≤‡∏ß‡∏Ñ‡∏•‡∏∏‡∏Å‡∏Å‡∏∞‡∏õ‡∏¥,https://d1sag4ddilekf6.cloudfront.net/compressed_webp/items/THITE20230208055344019027/detail/8534e83ca92d4ddf81abb5cfe2d8e1f0_1681123143393121063.webp
mhan,‡∏ö‡∏∞‡∏´‡∏°‡∏µ‡πà‡πÄ‡∏Å‡∏µ‡πä‡∏¢‡∏ß,https://d1sag4ddilekf6.cloudfront.net/compressed_webp/items/THITE2022121607140040688/detail/menueditor_item_6d57a42e52b448cd8b1555bcab4201c9_1672641304735696814.webp
yumcha,‡∏ö‡∏∞‡∏´‡∏°‡∏µ‡πà‡πÄ‡∏Å‡∏µ‡πä‡∏¢‡∏ß,https://d1sag4ddilekf6.cloudfront.net/compressed_webp/items/THITE2020092210253984010/detail/menueditor_item_6cbd837d2baa4093ab0da9a475df8a93_1631352293634741763.webp
yumcha,‡∏ö‡∏∞‡∏´‡∏°‡∏µ‡πà‡πÄ‡∏Å‡∏µ‡πä‡∏¢‡∏ß,https://d1sag4ddilekf6.cloudfront.net/compressed_webp/items/THITE2020092210225177410/detail/menueditor_item_5c475fc2f718436bbf5a6dd39b9f926f_1631352369608042760.webp
RongsiPochana,‡∏Å‡πã‡∏ß‡∏¢‡πÄ‡∏ï‡∏µ‡πã‡∏¢‡∏ß‡∏Ñ‡∏±‡πà‡∏ß‡πÑ‡∏Å‡πà,https://d1sag4ddilekf6.cloudfront.net/compressed_webp/items/THITE20211214170728014734/detail/39f0b3c7d9874612a7ae3234349d8978_1639501643884580819.webp
kub-kao-kub-pla,‡∏Å‡πã‡∏ß‡∏¢‡πÄ‡∏ï‡∏µ‡πã‡∏¢‡∏ß‡∏Ñ‡∏±‡πà‡∏ß‡πÑ‡∏Å‡πà,https://d1sag4ddilekf6.cloudfront.net/compressed_webp/items/THITE20210111172311026932/detail/c3cd1ce6b24b4ee5b7f451eb8c2a579e_1634839571421787905.webp
kub-kao-kub-pla,‡πÄ‡∏™‡πâ‡∏ô‡∏´‡∏°‡∏µ‡πà‡∏ú‡∏±‡∏î‡∏ú‡∏±‡∏Å‡∏Å‡∏£‡∏∞‡πÄ‡∏â‡∏î,https://d1sag4ddilekf6.cloudfront.net/compressed_webp/items/THITE20211021180851103833/detail/c057eb3a87ec450fa14550170203781b_1634839725375264534.webp
sook-sathon-vegan,‡πÄ‡∏™‡πâ‡∏ô‡πÉ‡∏´‡∏ç‡πà‡∏ú‡∏±‡∏î‡∏Ç‡∏µ‡πâ‡πÄ‡∏°‡∏≤,https://d1sag4ddilekf6.cloudfront.net/compressed_webp/items/THITE20221101115624057993/detail/menueditor_item_31f3b088930f4bad8517fa07bdf269ca_1690319281468373544.webp
s-and-p,‡∏Ç‡πâ‡∏≤‡∏ß‡∏´‡∏°‡∏π‡∏ó‡∏≠‡∏î‡∏Å‡∏£‡∏∞‡πÄ‡∏ó‡∏µ‡∏¢‡∏°,https://d1sag4ddilekf6.cloudfront.net/compressed_webp/items/THITE20220331101229056354/detail/aaab9ec6a80b410887a68e58709d5c25_1683627120125398295.webp
s-and-p,‡∏Ç‡πâ‡∏≤‡∏ß‡∏´‡∏°‡∏π‡∏ó‡∏≠‡∏î‡∏Å‡∏£‡∏∞‡πÄ‡∏ó‡∏µ‡∏¢‡∏°,https://d1sag4ddilekf6.cloudfront.net/compressed_webp/items/THITE20230531132812013772/detail/36d77d9a304546a6b3cd2e90820b75e0_1685560045191421797.webp
